{
    "2025-01-10": {
        "temperatures": [
            1.45,
            1.45,
            1.45,
            1.45,
            1.45
        ],
        "pressures": [
            1021,
            1021,
            1021,
            1021,
            1021
        ],
        "humidities": [
            75,
            75,
            75,
            75,
            75
        ],
        "weather_conditions": [
            "light snow",
            "light snow",
            "light snow",
            "light snow",
            "light snow"
        ],
        "timestamps": [
            1736499439.5259151,
            1736499615.3960874,
            1736499616.7929873,
            1736499618.1627736,
            1736499619.4124618
        ]
    }
}