{
    "2025-01-21": {
        "temperatures": [
            1.65,
            1.65,
            1.65,
            1.65,
            1.65,
            1.65,
            1.65,
            2.76,
            4.45,
            4.45,
            4.45,
            4.45,
            4.45,
            4.45
        ],
        "pressures": [
            1020,
            1020,
            1020,
            1020,
            1020,
            1020,
            1020,
            1020,
            1017,
            1017,
            1017,
            1017,
            1017,
            1017
        ],
        "humidities": [
            80,
            80,
            80,
            80,
            80,
            80,
            80,
            77,
            65,
            65,
            65,
            65,
            65,
            65
        ],
        "weather_conditions": [
            "few clouds",
            "few clouds",
            "few clouds",
            "few clouds",
            "few clouds",
            "few clouds",
            "few clouds",
            "few clouds",
            "clear sky",
            "clear sky",
            "clear sky",
            "clear sky",
            "clear sky",
            "clear sky"
        ],
        "timestamps": [
            1737447979.9430392,
            1737447985.8378992,
            1737447998.1840339,
            1737448036.5480056,
            1737448042.3814259,
            1737448258.0463133,
            1737448264.4739466,
            1737449356.8304973,
            1737461421.967399,
            1737461428.0909514,
            1737461432.8127103,
            1737461439.0971785,
            1737461612.7349808,
            1737461619.1933365
        ]
    }
}